{"cameraMode":{"drawMode":0,"name":"Shaded","section":"Shading Mode"},"sceneLighting":true,"audioPlay":false,"sceneViewState":{"m_AlwaysRefresh":false,"showFog":false,"showSkybox":false,"showFlares":true,"showImageEffects":true,"showParticleSystems":true,"showVisualEffectGraphs":true,"m_FxEnabled":true},"in2DMode":false,"pivot":{"x":73.12297821044922,"y":3.6305463314056398,"z":1.3740580081939698},"rotation":{"x":0.02200574427843094,"y":-0.7084584832191467,"z":0.022110560908913614,"w":0.7050654292106628},"size":5.371067523956299,"orthographic":false}