{"cameraMode":{"drawMode":0,"name":"Shaded","section":"Shading Mode"},"sceneLighting":true,"audioPlay":false,"sceneViewState":{"m_AlwaysRefresh":false,"showFog":false,"showSkybox":true,"showFlares":true,"showImageEffects":true,"showParticleSystems":true,"showVisualEffectGraphs":true,"m_FxEnabled":true},"in2DMode":false,"pivot":{"x":560.5621337890625,"y":243.93653869628907,"z":492.50067138671877},"rotation":{"x":-0.0896994024515152,"y":-0.06289661675691605,"z":0.005694420076906681,"w":-0.9939817786216736},"size":601.0482177734375,"orthographic":false}