{"cameraMode":{"drawMode":0,"name":"Shaded","section":"Shading Mode"},"sceneLighting":true,"audioPlay":false,"sceneViewState":{"m_AlwaysRefresh":false,"showFog":false,"showSkybox":true,"showFlares":true,"showImageEffects":true,"showParticleSystems":true,"showVisualEffectGraphs":true,"m_FxEnabled":true},"in2DMode":false,"pivot":{"x":4.091933250427246,"y":2.6713788509368898,"z":-0.22849571704864503},"rotation":{"x":0.18447092175483704,"y":-0.5483216047286987,"z":0.12549035251140595,"w":0.8059688806533814},"size":0.887297511100769,"orthographic":false}