{"cameraMode":{"drawMode":0,"name":"Shaded","section":"Shading Mode"},"sceneLighting":true,"audioPlay":false,"sceneViewState":{"m_AlwaysRefresh":false,"showFog":false,"showSkybox":false,"showFlares":true,"showImageEffects":true,"showParticleSystems":true,"showVisualEffectGraphs":true,"m_FxEnabled":true},"in2DMode":false,"pivot":{"x":498.7970886230469,"y":9.846189498901368,"z":17.558591842651368},"rotation":{"x":-0.18415310978889466,"y":0.0029690840747207405,"z":-0.0005325857782736421,"w":-0.9829535484313965},"size":4.788474082946777,"orthographic":false}