{"cameraMode":{"drawMode":0,"name":"Shaded","section":"Shading Mode"},"sceneLighting":true,"audioPlay":false,"sceneViewState":{"m_AlwaysRefresh":false,"showFog":false,"showSkybox":false,"showFlares":true,"showImageEffects":true,"showParticleSystems":true,"showVisualEffectGraphs":true,"m_FxEnabled":true},"in2DMode":false,"pivot":{"x":498.78460693359377,"y":368.8488464355469,"z":15.560466766357422},"rotation":{"x":-0.007199895568192005,"y":-0.0007937858463265002,"z":0.00000660041860101046,"w":-0.9999826550483704},"size":407.7469787597656,"orthographic":false}