{"cameraMode":{"drawMode":0,"name":"Shaded","section":"Shading Mode"},"sceneLighting":true,"audioPlay":false,"sceneViewState":{"m_AlwaysRefresh":false,"showFog":false,"showSkybox":false,"showFlares":true,"showImageEffects":true,"showParticleSystems":true,"showVisualEffectGraphs":true,"m_FxEnabled":true},"in2DMode":false,"pivot":{"x":498.6499938964844,"y":12.322421073913575,"z":18.38658905029297},"rotation":{"x":0.01606549136340618,"y":0.29073190689086916,"z":0.004915015771985054,"w":-0.9567212462425232},"size":4.788474082946777,"orthographic":false}