{"cameraMode":{"drawMode":0,"name":"Shaded","section":"Shading Mode"},"sceneLighting":true,"audioPlay":false,"sceneViewState":{"m_AlwaysRefresh":false,"showFog":false,"showSkybox":false,"showFlares":true,"showImageEffects":true,"showParticleSystems":true,"showVisualEffectGraphs":true,"m_FxEnabled":true},"in2DMode":false,"pivot":{"x":503.4969482421875,"y":359.64068603515627,"z":-115.76911163330078},"rotation":{"x":-0.041188549250364307,"y":-0.001792247174307704,"z":0.00007473659934476018,"w":-0.999155580997467},"size":255.93060302734376,"orthographic":false}