{"cameraMode":{"drawMode":0,"name":"Shaded","section":"Shading Mode"},"sceneLighting":true,"audioPlay":false,"sceneViewState":{"m_AlwaysRefresh":false,"showFog":false,"showSkybox":true,"showFlares":true,"showImageEffects":true,"showParticleSystems":true,"showVisualEffectGraphs":true,"m_FxEnabled":true},"in2DMode":false,"pivot":{"x":381.07501220703127,"y":214.51806640625,"z":223.86044311523438},"rotation":{"x":-0.040768031030893329,"y":0.0327732153236866,"z":-0.0013172014150768519,"w":-0.9986478090286255},"size":476.5154724121094,"orthographic":false}